Album,Musica
Night Visions,Radioactive
Night Visions,Tiptoe
Night Visions,It's Time
Night Visions,Demons
Night Visions,On Top of the World
Night Visions,Amsterdam
Night Visions,Hear Me
Night Visions,Every Night
Night Visions,Bleeding Out
Night Visions,Underdog
Night Visions,Nothing Left to Say / Rocks
Night Visions,Cha-Ching (Till We Grow Older)
Night Visions,Working Man
Evolve,I Don't Know Why
Evolve,Whatever It Takes
Evolve,Believer
Evolve,Walking the Wire
Evolve,Rise Up
Evolve,I'll Make It Up to You
Evolve,Yesterday
Evolve,Mouth of the River
Evolve,Thunder
Evolve,Start Over
Evolve,Dancing in the Dark
Night Visions (Deluxe),Radioactive
Night Visions (Deluxe),Tiptoe
Night Visions (Deluxe),It's Time
Night Visions (Deluxe),Demons
Night Visions (Deluxe),On Top of the World
Night Visions (Deluxe),Amsterdam
Night Visions (Deluxe),Hear Me
Night Visions (Deluxe),Every Night
Night Visions (Deluxe),Bleeding Out
Night Visions (Deluxe),Underdog
Night Visions (Deluxe),Nothing Left to Say / Rocks
Night Visions (Deluxe),Cha-Ching (Till We Grow Older)
Night Visions (Deluxe),Working Man
Night Visions (Deluxe),My Fault
Night Visions (Deluxe),Round and Round
Night Visions (Deluxe),The River
Night Visions (Deluxe),America
Night Visions (Deluxe),Selene
Night Visions (Deluxe),Cover Up
Night Visions (Deluxe),I Don't Mind
Smoke + Mirrors (Deluxe),Shots
Smoke + Mirrors (Deluxe),Gold
Smoke + Mirrors (Deluxe),Smoke and Mirrors
Smoke + Mirrors (Deluxe),I'm So Sorry
Smoke + Mirrors (Deluxe),I Bet My Life
Smoke + Mirrors (Deluxe),Polaroid
Smoke + Mirrors (Deluxe),Friction
Smoke + Mirrors (Deluxe),It Comes Back to You
Smoke + Mirrors (Deluxe),Dream
Smoke + Mirrors (Deluxe),Trouble
Smoke + Mirrors (Deluxe),Summer
Smoke + Mirrors (Deluxe),Hopeless Opus
Smoke + Mirrors (Deluxe),The Fall
Smoke + Mirrors (Deluxe),Thief
Smoke + Mirrors (Deluxe),The Unknown
Smoke + Mirrors (Deluxe),Second Chances
Smoke + Mirrors (Deluxe),Release
Smoke + Mirrors (Deluxe),Warriors
Continued Silence EP,Radioactive
Continued Silence EP,Demons
Continued Silence EP,On Top of the World
Continued Silence EP,Round and Round
Continued Silence EP,It's Time
Continued Silence EP,My Fault
Enemy (with JID) [from the series Arcane League of Legends],Enemy (with JID) - from the series Arcane League of Legends
Smoke + Mirrors,Shots
Smoke + Mirrors,Gold
Smoke + Mirrors,Smoke and Mirrors
Smoke + Mirrors,I'm So Sorry
Smoke + Mirrors,I Bet My Life
Smoke + Mirrors,Polaroid
Smoke + Mirrors,Friction
Smoke + Mirrors,It Comes Back to You
Smoke + Mirrors,Dream
Smoke + Mirrors,Trouble
Smoke + Mirrors,Summer
Smoke + Mirrors,Hopeless Opus
Smoke + Mirrors,The Fall
Mercury - Act 1,My Life
Mercury - Act 1,Lonely
Mercury - Act 1,Wrecked
Mercury - Act 1,Monday
Mercury - Act 1,#1
Mercury - Act 1,Easy Come Easy Go
Mercury - Act 1,Giants
Mercury - Act 1,It's OK
Mercury - Act 1,Dull Knives
Mercury - Act 1,Follow You
Mercury - Act 1,Cutthroat
Mercury - Act 1,No Time For Toxic People
Mercury - Act 1,One Day
Believer,Believer
Bones,Bones
Follow You / Cutthroat,Follow You
Follow You / Cutthroat,Cutthroat
Warriors,Warriors
Natural,Natural
Mercury - Acts 1 & 2,Enemy (with JID) - from the series Arcane League of Legends
Mercury - Acts 1 & 2,My Life
Mercury - Acts 1 & 2,Lonely
Mercury - Acts 1 & 2,Wrecked
Mercury - Acts 1 & 2,Monday
Mercury - Acts 1 & 2,#1
Mercury - Acts 1 & 2,Easy Come Easy Go
Mercury - Acts 1 & 2,Giants
Mercury - Acts 1 & 2,It's OK
Mercury - Acts 1 & 2,Dull Knives
Mercury - Acts 1 & 2,Follow You
Mercury - Acts 1 & 2,Cutthroat
Mercury - Acts 1 & 2,No Time For Toxic People
Mercury - Acts 1 & 2,One Day
Mercury - Acts 1 & 2,Bones
Mercury - Acts 1 & 2,Symphony
Mercury - Acts 1 & 2,Sharks
Mercury - Acts 1 & 2,I Don't Like Myself
Mercury - Acts 1 & 2,Blur
Mercury - Acts 1 & 2,Higher Ground
Mercury - Acts 1 & 2,Crushed
Mercury - Acts 1 & 2,Take It Easy
Mercury - Acts 1 & 2,Waves
Mercury - Acts 1 & 2,I'm Happy
Mercury - Acts 1 & 2,Ferris Wheel
Mercury - Acts 1 & 2,Peace Of Mind
Mercury - Acts 1 & 2,Sirens
Mercury - Acts 1 & 2,Tied
Mercury - Acts 1 & 2,Younger
Mercury - Acts 1 & 2,I Wish
Radioactive,Radioactive
Radioactive,Radioactive (Instrumental)
Hear Me EP,Hear Me
Hear Me EP,Radioactive
Hear Me EP,Amsterdam
Hear Me EP,The River
Thunder,Thunder
Thunder,Believer
Imagine Dragons (Spotify Sessions),I Bet My Life - Live From Spotify London
Imagine Dragons (Spotify Sessions),Blank Space/Stand By Me - Live From Spotify London
Imagine Dragons (Spotify Sessions),Shots - Live From Spotify London
Imagine Dragons (Spotify Sessions),Gold - Live From Spotify London
I Bet My Life,I Bet My Life
I Bet My Life,I Bet My Life (Instrumental)
Roots,Roots
Wrecked,Wrecked
It's Time,It's Time
It's Time,It's Time - Passion Pit Remix
It's Time,It's Time - JailBreaks Remix
It's Time,It's Time - Penguin Prison Remix
Sharks,Sharks
Battle Cry,Battle Cry
Shots EP,Shots
Shots EP,Shots
Shots EP,Shots
Shots EP,Shots
Birds,Birds (feat. Elisa)
Birds,Birds
Shots,Shots (Radio Edit)
Shots,Shots (instrumental)
Whatever It Takes,Whatever It Takes
Whatever It Takes,Thunder (Official Remix)
"Zero (From the Original Motion Picture ""Ralph Breaks The Internet"")","Zero - From the Original Motion Picture ""Ralph Breaks The Internet"""
Origins,Machine
Bad Liar – Stripped,Bad Liar – Stripped
Live At AllSaints Studios,Thunder
Live At AllSaints Studios,Believer
Live At AllSaints Studios,Whatever It Takes
Live At AllSaints Studios,Hand In My Pocket
Gold,Gold
I Bet My Life (Remixes),I Bet My Life (Alex Adair remix)
I Bet My Life (Remixes),I Bet My Life (Bastille Remix)
I Bet My Life (Remixes),I Bet My Life - Lost Kings Remix
I Bet My Life (Remixes),I Bet My Life - Imagine Dragons Remix
Shots (Broiler Remix),Shots - Broiler Remix
Levitate (From The Original Motion Picture “Passengers”),Levitate (From The Original Motion Picture “Passengers”)
Believer (Kaskade Remix),Believer (Kaskade Remix)
I Was Me,I Was Me
Machine,Machine
Bad Liar,Bad Liar
Follow You (Summer ’21 Version),Follow You (Summer ’21 Version)
Hell and Silence,All Eyes
Hell and Silence,I Don't Mind
Hell and Silence,Hear Me
Hell and Silence,Selene
Hell and Silence,Emma
Imagine Dragons (Live London Sessions),Radioactive - Live London Sessions / 2013
Imagine Dragons (Live London Sessions),It's Time - Live London Sessions / 2013
Imagine Dragons (Live London Sessions),Demons - Live London Sessions / 2013
Imagine Dragons,Radioactive
Imagine Dragons,Demons
Imagine Dragons,On Top of the World
Imagine Dragons,Round and Round
Imagine Dragons,It's Time
Imagine Dragons,My Fault
Imagine Dragons,Radioactive
Imagine Dragons,Tiptoe
Imagine Dragons,It's Time
Imagine Dragons,Demons
Imagine Dragons,On Top of the World
Imagine Dragons,Amsterdam
Imagine Dragons,Hear Me
Imagine Dragons,Every Night
Imagine Dragons,Bleeding Out
Imagine Dragons,Underdog
Imagine Dragons,Nothing Left to Say / Rocks
Imagine Dragons,Shots
Imagine Dragons,Gold
Imagine Dragons,Smoke and Mirrors
Imagine Dragons,I'm So Sorry
Imagine Dragons,I Bet My Life
Imagine Dragons,Polaroid
Imagine Dragons,Friction
Imagine Dragons,It Comes Back to You
Imagine Dragons,Dream
Imagine Dragons,Trouble
Imagine Dragons,Summer
Imagine Dragons,Hopeless Opus
Imagine Dragons,The Fall
Monster,Monster
It's Time Remixes,It's Time - Penguin Prison Remix
It's Time Remixes,It's Time - Kat Krazy Remix
It's Time Remixes,It's Time - JailBreaks Remix
It's Time Remixes,It's Time - StunGun & JailBreaks Remix
Night Visions (Expanded Edition / Super Deluxe),Radioactive
Night Visions (Expanded Edition / Super Deluxe),Tiptoe
Night Visions (Expanded Edition / Super Deluxe),It's Time
Night Visions (Expanded Edition / Super Deluxe),Demons
Night Visions (Expanded Edition / Super Deluxe),On Top of the World
Night Visions (Expanded Edition / Super Deluxe),Amsterdam
Night Visions (Expanded Edition / Super Deluxe),Hear Me
Night Visions (Expanded Edition / Super Deluxe),Every Night
Night Visions (Expanded Edition / Super Deluxe),Bleeding Out
Night Visions (Expanded Edition / Super Deluxe),Underdog
Night Visions (Expanded Edition / Super Deluxe),Nothing Left To Say / Rocks - Medley
Night Visions (Expanded Edition / Super Deluxe),Cha-Ching (Till We Grow Older)
Night Visions (Expanded Edition / Super Deluxe),Working Man
Night Visions (Expanded Edition / Super Deluxe),My Fault
Night Visions (Expanded Edition / Super Deluxe),Round and Round
Night Visions (Expanded Edition / Super Deluxe),The River
Night Visions (Expanded Edition / Super Deluxe),America
Night Visions (Expanded Edition / Super Deluxe),Selene
Night Visions (Expanded Edition / Super Deluxe),Fallen
Night Visions (Expanded Edition / Super Deluxe),Cover Up
Night Visions (Expanded Edition / Super Deluxe),I Don't Mind
Night Visions (Expanded Edition / Super Deluxe),Tokyo
Night Visions (Expanded Edition / Super Deluxe),Love Of Mine - Night Visions Demo
Night Visions (Expanded Edition / Super Deluxe),Bubble - Night Visions Demo
Night Visions (Expanded Edition / Super Deluxe),Radioactive - Live From Red Rocks / 2014
Night Visions (Expanded Edition / Super Deluxe),Hear Me - Live From Red Rocks / 2014
Night Visions (Expanded Edition / Super Deluxe),On Top Of The World - Live From Red Rocks / 2014
Night Visions (Expanded Edition / Super Deluxe),Round And Round - Live From Red Rocks / 2014
Night Visions (Expanded Edition / Super Deluxe),Amsterdam - Live From Red Rocks / 2014
Night Visions (Expanded Edition / Super Deluxe),Tiptoe - Live From Red Rocks / 2014
Walking The Wire,Walking the Wire
Imagine Dragons EP,I Need a Minute
Imagine Dragons EP,Uptight
Imagine Dragons EP,Cover Up
Imagine Dragons EP,Curse
Imagine Dragons EP,Drive
Imagine Dragons EP,Hole Inside Our Chests
Thunder (With K.Flay) [Official Remix],Thunder (With K.Flay) - Official Remix
Love Of Mine (Night Visions Demo),Love Of Mine - Night Visions Demo
"Not Today (From ""Me Before You"" Soundtrack)",Not Today
Hell And Silence EP,All Eyes
Hell And Silence EP,I Don't Mind
Hell And Silence EP,Hear Me
Hell And Silence EP,Selene
Hell And Silence EP,Emma
Hell And Silence EP,Easy (Bonus Track)
Demons,Demons - Imagine Dragons Remix
Demons,Demons - KIDinaKORNER Remix
Demons,Demons - Acoustic Live In London
Gold (Jorgen Odegard Remix),Gold (Jorgen Odegard Remix)
Whatever It Takes (Jorgen Odegard Remix),Whatever It Takes (Jorgen Odegard Remix)
Radioactive (feat. Kendrick Lamar) - Single,Radioactive (feat. Kendrick Lamar)
On Top Of The World (RAC Remix),On Top Of The World - RAC Remix
Smoke + Mirrors (Deluxe Edition),Shots
Smoke + Mirrors (Deluxe Edition),Gold
Smoke + Mirrors (Deluxe Edition),Smoke and Mirrors
Smoke + Mirrors (Deluxe Edition),I'm So Sorry
Smoke + Mirrors (Deluxe Edition),I Bet My Life
Smoke + Mirrors (Deluxe Edition),Polaroid
Smoke + Mirrors (Deluxe Edition),Friction
Smoke + Mirrors (Deluxe Edition),It Comes Back to You
Smoke + Mirrors (Deluxe Edition),Dream
Smoke + Mirrors (Deluxe Edition),Trouble
Smoke + Mirrors (Deluxe Edition),Summer
Smoke + Mirrors (Deluxe Edition),Hopeless Opus
Smoke + Mirrors (Deluxe Edition),The Fall
Smoke + Mirrors (Deluxe Edition),Thief
Smoke + Mirrors (Deluxe Edition),The Unknown
Smoke + Mirrors (Deluxe Edition),Warriors
It’s Time EP,It's Time
It’s Time EP,Amsterdam
It’s Time EP,Tokyo
It’s Time EP,The River
It’s Time EP,Leave Me
It’s Time EP,Pantomime
It’s Time EP,Look How Far We've Come
It’s Time EP,America
It’s Time EP,Dolphins
It's Time EP,It's Time
It's Time EP,Amsterdam
It's Time EP,Tokyo
It's Time EP,The River
It's Time EP,Leave Me
It's Time EP,Pantomime
It's Time EP,Look How Far We've Come
It's Time EP,America
It's Time EP,Dolphins
I Bet My Life (Riot Games Remix),I Bet My Life - Riot Games Remix
On Top of the World,On Top of The World (Main Version)
On Top of the World,On Top Of The World - RAC Remix
Roots - Single,Roots
Levitate,Levitate
iTunes Session - EP,It's Time (iTunes Session)
iTunes Session - EP,Radioactive (iTunes Session)
iTunes Session - EP,Amsterdam (iTunes Session)
iTunes Session - EP,30 Lives (iTunes Session)
iTunes Session - EP,Destination (iTunes Session)
Zero,Zero
I Love You All the Time (Play It Forward Campaign),I Love You All the Time (Play It Forward Campaign)
Dream (Jorgen Odegard Remix),Dream (Jorgen Odegard Remix)
Night Visions Live,Radioactive (Live At Red Rocks)
Night Visions Live,Hear Me (Live At Red Rocks)
Night Visions Live,On Top Of The World (Live At Red Rocks)
Night Visions Live,Round And Round (Live At Red Rocks)
Night Visions Live,Amsterdam (Live At Red Rocks)
Night Visions Live,Tiptoe (Live At Red Rocks)
Night Visions Live,Cha-Ching (Till We Grow Older) (Live At Red Rocks)
Night Visions Live,Rocks (Live At Red Rocks)
Night Visions Live,Demons (Live At Red Rocks)
Night Visions Live,Underdog (Live At Red Rocks)
Night Visions Live,It's Time (Live At Red Rocks)
Night Visions Live,It's Time (Live London Sessions Acoustic)
Night Visions Live,Radioactive (Live London Sessions Acoustic)
Night Visions Live,Demons (Live London Sessions Acoustic)
Night Visions Live,intro
Night Visions Live,In The Studio Pt. 1 / Alex Da Kid
Night Visions Live,"""Radioactive"" (Live)"
Night Visions Live,Las Vegas / Beginning Days
Night Visions Live,In The Studio Pt. 2
Night Visions Live,"""Demons"" (Live)"
Night Visions Live,In The Studio Pt. 3
Night Visions Live,"""Hear Me"" (Live)"
Night Visions Live,In The Studio Pt. 4 / Album Planning
Night Visions Live,"In The Studio Pt. 5 / ""Every Night"" / Reflection"
Night Visions Live,"In The Studio Pt. 6 / ""On Top Of The World"" (Live)"
Night Visions Live,End Credits
Night Visions Live,Show Intro
Night Visions Live,Round and Round
Night Visions Live,Amsterdam
Night Visions Live,Tiptoe
Night Visions (inkl. Bonustrack / exklusiv bei Amazon.de),Radioactive
Night Visions (inkl. Bonustrack / exklusiv bei Amazon.de),Tiptoe
Night Visions (inkl. Bonustrack / exklusiv bei Amazon.de),It's Time
Night Visions (inkl. Bonustrack / exklusiv bei Amazon.de),Demons
Night Visions (inkl. Bonustrack / exklusiv bei Amazon.de),On Top of the World
Night Visions (inkl. Bonustrack / exklusiv bei Amazon.de),Amsterdam
Night Visions (inkl. Bonustrack / exklusiv bei Amazon.de),Hear Me
Night Visions (inkl. Bonustrack / exklusiv bei Amazon.de),Every Night
Night Visions (inkl. Bonustrack / exklusiv bei Amazon.de),Bleeding Out
Night Visions (inkl. Bonustrack / exklusiv bei Amazon.de),Underdog
Night Visions (inkl. Bonustrack / exklusiv bei Amazon.de),Nothing Left to Say / Rocks
Night Visions (inkl. Bonustrack / exklusiv bei Amazon.de),Cha-Ching (Till We Grow Older)
Night Visions (inkl. Bonustrack / exklusiv bei Amazon.de),Working Man
Night Visions (inkl. Bonustrack / exklusiv bei Amazon.de),My Fault
Mercury - Act 1 (Additional Track Version),Enemy (from the series Arcane League of Legends)
Mercury - Act 1 (Additional Track Version),My Life
Mercury - Act 1 (Additional Track Version),Lonely
Mercury - Act 1 (Additional Track Version),Wrecked
Mercury - Act 1 (Additional Track Version),Monday
Mercury - Act 1 (Additional Track Version),#1
Mercury - Act 1 (Additional Track Version),Easy Come Easy Go
Mercury - Act 1 (Additional Track Version),Giants
Mercury - Act 1 (Additional Track Version),It's OK
Mercury - Act 1 (Additional Track Version),Dull Knives
Mercury - Act 1 (Additional Track Version),Follow You
Mercury - Act 1 (Additional Track Version),Cutthroat
Mercury - Act 1 (Additional Track Version),No Time For Toxic People
Mercury - Act 1 (Additional Track Version),One Day
It’s Time,It's Time
It’s Time,Amsterdam
It’s Time,Tokyo
It’s Time,The River
It’s Time,Leave Me
It’s Time,Pantomime
It’s Time,Look How Far We've Come
It’s Time,America
Radioactive (Grouplove & Captain Cuts remix),Radioactive - Grouplove & Captain Cuts Remix
The Archive,Round and Round
The Archive,The River
The Archive,America
The Archive,Selene
The Archive,My Fault
It's time (Passion Pit Remix),It's Time - Passion Pit Remix
Bones - Single,Bones
The Archive EP,Round and Round
The Archive EP,The River
The Archive EP,America
The Archive EP,Selene
The Archive EP,My Fault
Follow You,Follow You
It's Time - EP,It's Time
It's Time - EP,It's Time - Passion Pit Remix
It's Time - EP,It's Time - JailBreaks Remix
It's Time - EP,It's Time (Penguin Prison Remix)
Hear Me - EP,Hear Me
Hear Me - EP,Radioactive
Hear Me - EP,Amsterdam
Hear Me - EP,The River
Origins (International Deluxe),Natural
Origins (International Deluxe),Boomerang
Origins (International Deluxe),Machine
Origins (International Deluxe),Cool Out
Origins (International Deluxe),Bad Liar
Origins (International Deluxe),West Coast
Origins (International Deluxe),Zero
Origins (International Deluxe),Bullet in a Gun
Origins (International Deluxe),Digital
Origins (International Deluxe),Only
Origins (International Deluxe),Stuck
Origins (International Deluxe),Love
Origins (International Deluxe),Birds
Origins (International Deluxe),Burn Out
Origins (International Deluxe),Real Life
Origins (International Deluxe),Born to Be Yours
I Was Me - Single,I Was Me
It's Time (Cherry Cherry Boom Boom Remix),It's Time - Cherry Cherry Boom Boom Remix
Birds (feat. Elisa) - Single,Birds (feat. Elisa)
Believer (feat. Lil Wayne) - Single,Believer (feat. Lil Wayne)
Live At Independent Records,Introduction
Live At Independent Records,It's Time
Live At Independent Records,Radioactive
Live At Independent Records,Hear Me
German Radio Live Sessions,Believer
German Radio Live Sessions,It's Time
German Radio Live Sessions,Mad World
German Radio Live Sessions,On Top of the World
German Radio Live Sessions,Radioactive
German Radio Live Sessions,Semi Charmed Life
German Radio Live Sessions,Thunder
German Radio Live Sessions,Whatever It Takes
German Radio Live Sessions,I Bet My Life
Demons - Single,Demons - Imagine Dragons Remix
Demons - Single,Demons (Acoustic Live In London)
Bad Liar – Stripped - Single,Bad Liar – Stripped
Speak to Me EP,Pistol Whip
Speak to Me EP,Living Musical
Speak to Me EP,The Pit
Speak to Me EP,Speak to Me
Speak to Me EP,Boots
Demons (Remixes),Demons - Imagine Dragons Remix
Demons (Remixes),Demons (KIDinaKORNER Remix)
Demons (Remixes),Demons (Acoustic Live In London)
Demons (Remixes),Demons
Round and Round,Round and Round
Hear Me,Hear Me
Hear Me,Round and Round
Amsterdam,Amsterdam
Remixes,It's Time - Passion Pit Remix
Remixes,Radioactive - Grouplove & Captain Cuts Remix
Remixes,Demons - Imagine Dragons Remix
Remixes,Demons (KIDinaKORNER Remix)
Remixes,On Top Of The World - RAC Remix
Next To Me,Next to Me
Mercury - Act I,My Life
Mercury - Act I,Lonely
Mercury - Act I,Wrecked
Mercury - Act I,Monday
Mercury - Act I,#1
Mercury - Act I,Easy Come Easy Go
Mercury - Act I,Giants
Mercury - Act I,It's OK
Mercury - Act I,Dull Knives
Mercury - Act I,Follow You
Mercury - Act I,Cutthroat
Mercury - Act I,No Time For Toxic People
Mercury - Act I,One Day
Hitlist: The Greatest Of Imagine Dragons,On Top of the World
Hitlist: The Greatest Of Imagine Dragons,Machine
Hitlist: The Greatest Of Imagine Dragons,Whatever It Takes
Hitlist: The Greatest Of Imagine Dragons,Battle Cry
Hitlist: The Greatest Of Imagine Dragons,It's Time
Hitlist: The Greatest Of Imagine Dragons,Next to Me
Hitlist: The Greatest Of Imagine Dragons,Not Today
Hitlist: The Greatest Of Imagine Dragons,Radioactive
Hitlist: The Greatest Of Imagine Dragons,Warriors
Hitlist: The Greatest Of Imagine Dragons,I Bet My Life
Hitlist: The Greatest Of Imagine Dragons,Gold
Hitlist: The Greatest Of Imagine Dragons,Shots
Hitlist: The Greatest Of Imagine Dragons,Natural
Hitlist: The Greatest Of Imagine Dragons,Monster
Hitlist: The Greatest Of Imagine Dragons,Zero
Hitlist: The Greatest Of Imagine Dragons,Walking the Wire
Hitlist: The Greatest Of Imagine Dragons,Demons
Hitlist: The Greatest Of Imagine Dragons,Believer
Hitlist: The Greatest Of Imagine Dragons,Thunder
Hitlist: The Greatest Of Imagine Dragons,Bleeding Out
Hitlist: The Greatest Of Imagine Dragons,Bad Liar
Hitlist: The Greatest Of Imagine Dragons,Dancing in the Dark
Mercury - Act 2,Bones
Mercury - Act 2,Symphony
Mercury - Act 2,Sharks
Mercury - Act 2,I Don't Like Myself
Mercury - Act 2,Blur
Mercury - Act 2,Higher Ground
Mercury - Act 2,Crushed
Mercury - Act 2,Take It Easy
Mercury - Act 2,Waves
Mercury - Act 2,I'm Happy
Mercury - Act 2,Ferris Wheel
Mercury - Act 2,Peace Of Mind
Mercury - Act 2,Sirens
Mercury - Act 2,Tied
Mercury - Act 2,Younger
Mercury - Act 2,I Wish
Mercury - Act 2,Continual (feat. Cory Henry)
Mercury - Act 2,They Don't Know You Like I Do
Mercury – Act 1,My Life
Mercury – Act 1,Lonely
Mercury – Act 1,Wrecked
Mercury – Act 1,Monday
Mercury – Act 1,#1
Mercury – Act 1,Easy Come Easy Go
Mercury – Act 1,Giants
Mercury – Act 1,It's OK
Mercury – Act 1,Dull Knives
Mercury – Act 1,Follow You
Mercury – Act 1,Cutthroat
Mercury – Act 1,No Time For Toxic People
Mercury – Act 1,One Day
It's Time (Remixes),It's Time (Penguin Prison Remix)
It's Time (Remixes),It's Time - Kat Krazy Remix
It's Time (Remixes),It's Time - JailBreaks Remix
It's Time (Remixes),It's Time (StunGun & JailBreaks Remix)
Smoke + Mirrors Live,intro
Smoke + Mirrors Live,Shots
Smoke + Mirrors Live,It's Time
Smoke + Mirrors Live,Forever Young/Smoke And Mirrors
Smoke + Mirrors Live,Polaroid
Smoke + Mirrors Live,I'm So Sorry
Smoke + Mirrors Live,Gold
Smoke + Mirrors Live,Demons (feat. Bleeding Out and Warriors)
Smoke + Mirrors Live,On Top of the World
Smoke + Mirrors Live,Friction
Smoke + Mirrors Live,I Bet My Life
Smoke + Mirrors Live,Radioactive
Smoke + Mirrors Live,The Fall
Love Of Mine (Night Visions Demo) - Single,Love Of Mine (Night Visions Demo)
Dream,Dream
Greatest Hits,Believer
Greatest Hits,Walking the Wire
Greatest Hits,Whatever It Takes
Greatest Hits,Thunder
Greatest Hits,Levitate
Greatest Hits,Sucker for Pain
Greatest Hits,Roots
Greatest Hits,I Bet My Life
Greatest Hits,Shots
Greatest Hits,Gold
Greatest Hits,Dream
Greatest Hits,Warriors
Greatest Hits,Monster
Greatest Hits,Battle Cry
Greatest Hits,Who We Are
Greatest Hits,Radioactive
Greatest Hits,It's Time
Greatest Hits,Demons
Greatest Hits,On Top of the World
Greatest Hits,Bleeding Out
Greatest Hits,Round and Round
Greatest Hits,Uptight
Greatest Hits,I Don't Know Why
Greatest Hits,I'll Make It Up to You
Greatest Hits,Mouth of the River
Greatest Hits,Not Today
Greatest Hits,I'm So Sorry
Greatest Hits,Friction
Greatest Hits,Thief
Greatest Hits,Smoke and Mirrors
It's Time Remixes EP,It's Time (Penguin Prison Remix)
It's Time Remixes EP,It's Time - Kat Krazy Remix
It's Time Remixes EP,It's Time - JailBreaks Remix
It's Time Remixes EP,It's Time (StunGun & JailBreaks Remix)
It's Time Remixes EP,It's Time (Kat Krazy Extended Mix)
"Enemy (From the series ""Arcane League of Legends"") - Single","Enemy (From the series ""Arcane League of Legends"")"
Radioactive [Explicit],Radioactive (feat. Kendrick Lamar)
Early Demos,Speak to Me
Early Demos,Volume Drops
Early Demos,Boots
Early Demos,Pistol Whip
Early Demos,Off To War
Early Demos,The Pit
Early Demos,Living Musical
Early Demos,Bottle Of Coke
Early Demos,Clouds
Early Demos,Curtain Call
Early Demos,February
Early Demos,Unseen
Demons (TELYKast Remix) - Single,Demons (TELYKast Remix)
Enemy (from the animated series Arcane: League of Legends),Enemy (from the series Arcane: League of Legends)
Born to Be Yours - Single,Born To Be Yours
Shots (The Funk Hunters Remix) (Single),Shots (The Funk Hunters Remix)
"Levitate (From the Original Motion Picture ""Passengers"")","Levitate (From the Original Motion Picture ""Passengers"")"
Enemy (from the animated series Arcane),Enemy (from the animated series Arcane)
Whatever It Takes (Miss Congeniality Remix) - Single,Whatever It Takes (Miss Congeniality Remix)
Night Visions (Expanded Edition),Radioactive
Night Visions (Expanded Edition),Tiptoe
Night Visions (Expanded Edition),It's Time
Night Visions (Expanded Edition),Demons
Night Visions (Expanded Edition),On Top of the World
Night Visions (Expanded Edition),Amsterdam
Night Visions (Expanded Edition),Hear Me
Night Visions (Expanded Edition),Every Night
Night Visions (Expanded Edition),Bleeding Out
Night Visions (Expanded Edition),Underdog
Night Visions (Expanded Edition),Nothing Left To Say / Rocks (Medley)
Night Visions (Expanded Edition),Cha-Ching (Till We Grow Older)
Night Visions (Expanded Edition),Working Man
Night Visions (Expanded Edition),My Fault
Night Visions (Expanded Edition),Round and Round
Night Visions (Expanded Edition),The River
Night Visions (Expanded Edition),America
Night Visions (Expanded Edition),Selene
Night Visions (Expanded Edition),Fallen
Night Visions (Expanded Edition),Cover Up
Night Visions (Expanded Edition),Love Of Mine (Night Visions Demo)
Night Visions (Expanded Edition),Bubble (Night Visions Demo)
2008 Demos,Speak To Me (Demo)
2008 Demos,Volume Drops (Demo)
2008 Demos,Boots (Demo)
2008 Demos,Pistol Whip (Demo)
2008 Demos,Off to War (Demo)
2008 Demos,The Pit (Demo)
2008 Demos,Living Musical (Demo)
2008 Demos,Bottle of Coke (Demo)
2008 Demos,Clouds (2008 Version) [Demo]
2008 Demos,Curtain Call (Demo)
2008 Demos,February (Demo)
2008 Demos,Unseen (Demo)
Follow You (Summer '21 Version),Follow You - Summer '21 Version
Follow You (Summer '21 Version),Follow You
Imagine Dragons Greatests Hits,Natural
Imagine Dragons Greatests Hits,Zero
Imagine Dragons Greatests Hits,Machine
Imagine Dragons Greatests Hits,Bad Liar
Imagine Dragons Greatests Hits,Only
Imagine Dragons Greatests Hits,Born TO BE Yours With Kygo
Imagine Dragons Greatests Hits,Believer
Imagine Dragons Greatests Hits,Walking the Wire
Imagine Dragons Greatests Hits,Whatever It Takes
Imagine Dragons Greatests Hits,Thunder
Imagine Dragons Greatests Hits,Levitate
Imagine Dragons Greatests Hits,"Sucker FOR Pain With Lil Wayne, Wiz Khalifa, Ty Dolla Sign, Logic & Ambassadors"
Imagine Dragons Greatests Hits,Roots
Imagine Dragons Greatests Hits,I Bet My Life
Imagine Dragons Greatests Hits,Shots
Imagine Dragons Greatests Hits,Gold
Imagine Dragons Greatests Hits,Warriors
Imagine Dragons Greatests Hits,Monster
Imagine Dragons Greatests Hits,Batlle Cry
Imagine Dragons Greatests Hits,Radioactive
Imagine Dragons Greatests Hits,It's Time
Imagine Dragons Greatests Hits,Demons
Imagine Dragons Greatests Hits,On Top of the World
Imagine Dragons Greatests Hits,West Coast
Imagine Dragons Greatests Hits,Boomerang
Imagine Dragons Greatests Hits,Bullet in a Gun
Imagine Dragons Greatests Hits,Cool Out
Imagine Dragons Greatests Hits,I Don't Know Why
Imagine Dragons Greatests Hits,I'll Make It Up to You
Imagine Dragons Greatests Hits,Mouth of the River
Evolve Deluxe,I Don't Know Why
Evolve Deluxe,Whatever It Takes
Evolve Deluxe,Believer
Evolve Deluxe,Walking the Wire
Evolve Deluxe,Rise Up
Evolve Deluxe,I'll Make It Up to You
Evolve Deluxe,Yesterday
Evolve Deluxe,Mouth of the River
Evolve Deluxe,Thunder
Evolve Deluxe,Start Over
Evolve Deluxe,Dancing in the Dark
Evolve Deluxe,Levitate
Evolve Deluxe,Not Today
Evolve Deluxe,Believer (Kaskade Remix)
Shots (AtellaGali Remix) - Single,Shots (AtellaGali Remix)
Shots (The Young Professionals Remix) - Single,Shots (The Young Professionals Remix)
Remixes - EP,It's Time - Passion Pit Remix
Remixes - EP,Radioactive - Grouplove & Captain Cuts Remix
Remixes - EP,Demons - Imagine Dragons Remix
Remixes - EP,On Top Of The World - RAC Remix
Night Visions (Exapnded Edition),Radioactive
Night Visions (Exapnded Edition),Tiptoe
Night Visions (Exapnded Edition),It's Time
Night Visions (Exapnded Edition),Demons
Night Visions (Exapnded Edition),On Top of the World
Night Visions (Exapnded Edition),Amsterdam
Night Visions (Exapnded Edition),Hear Me
Night Visions (Exapnded Edition),Every Night
Night Visions (Exapnded Edition),Bleeding Out
Night Visions (Exapnded Edition),Underdog
Night Visions (Exapnded Edition),Nothing Left To Say / Rocks (Medley)
Night Visions (Exapnded Edition),Cha-Ching (Till We Grow Older)
Night Visions (Exapnded Edition),Working Man
Night Visions (Exapnded Edition),My Fault
Night Visions (Exapnded Edition),Round and Round
Night Visions (Exapnded Edition),The River
Night Visions (Exapnded Edition),America
Night Visions (Exapnded Edition),Selene
Night Visions (Exapnded Edition),Fallen
Night Visions (Exapnded Edition),Cover Up
Night Visions (Exapnded Edition),Love Of Mine (Night Visions Demo)
Night Visions (Exapnded Edition),Bubble (Night Visions Demo)
Night Visions / Smoke + Mirrors / Evolve,Radioactive
Night Visions / Smoke + Mirrors / Evolve,Tiptoe
Night Visions / Smoke + Mirrors / Evolve,It's Time
Night Visions / Smoke + Mirrors / Evolve,Demons
Night Visions / Smoke + Mirrors / Evolve,On Top of the World
Night Visions / Smoke + Mirrors / Evolve,Amsterdam
Night Visions / Smoke + Mirrors / Evolve,Hear Me
Night Visions / Smoke + Mirrors / Evolve,Every Night
Night Visions / Smoke + Mirrors / Evolve,Bleeding Out
Night Visions / Smoke + Mirrors / Evolve,Underdog
Night Visions / Smoke + Mirrors / Evolve,Nothing Left to Say / Rocks
Night Visions / Smoke + Mirrors / Evolve,Cha-Ching (Till We Grow Older)
Night Visions / Smoke + Mirrors / Evolve,Working Man
Night Visions / Smoke + Mirrors / Evolve,Shots
Night Visions / Smoke + Mirrors / Evolve,Gold
Night Visions / Smoke + Mirrors / Evolve,Smoke and Mirrors
Night Visions / Smoke + Mirrors / Evolve,I'm So Sorry
Night Visions / Smoke + Mirrors / Evolve,I Bet My Life
Night Visions / Smoke + Mirrors / Evolve,Polaroid
Night Visions / Smoke + Mirrors / Evolve,Friction
Night Visions / Smoke + Mirrors / Evolve,It Comes Back to You
Night Visions / Smoke + Mirrors / Evolve,Dream
Night Visions / Smoke + Mirrors / Evolve,Trouble
Night Visions / Smoke + Mirrors / Evolve,Summer
Night Visions / Smoke + Mirrors / Evolve,Hopeless Opus
Night Visions / Smoke + Mirrors / Evolve,The Fall
Night Visions / Smoke + Mirrors / Evolve,I Don't Know Why
Night Visions / Smoke + Mirrors / Evolve,Whatever It Takes
Night Visions / Smoke + Mirrors / Evolve,Believer
Night Visions / Smoke + Mirrors / Evolve,Walking the Wire
Radioactive / Demons / Thunder / Bad Liar,Radioactive
Radioactive / Demons / Thunder / Bad Liar,Demons
Radioactive / Demons / Thunder / Bad Liar,Thunder
Radioactive / Demons / Thunder / Bad Liar,Bad Liar
Night Visions 夜视,Radioactive
Night Visions 夜视,Tiptoe
Night Visions 夜视,It's Time
Night Visions 夜视,Demons
Night Visions 夜视,On Top of the World
Night Visions 夜视,Amsterdam
Night Visions 夜视,Hear Me
Night Visions 夜视,Every Night
Night Visions 夜视,Bleeding Out
Night Visions 夜视,Underdog
Night Visions 夜视,Nothing Left to Say / Rocks
Night Visions 夜视,Cha-Ching (Till We Grow Older)
Night Visions 夜视,Working Man
Live at the Moody Theater,Fallen
Live at the Moody Theater,Amsterdam
Live at the Moody Theater,Tiptoe
Live at the Moody Theater,Hear Me
Live at the Moody Theater,it´s time
Live at the Moody Theater,Rocks
Live at the Moody Theater,The River
Live at the Moody Theater,Cha-Ching (Till We Grow Older)
Live at the Moody Theater,Demons
Live at the Moody Theater,Radioactive
Live at the Moody Theater,Nothing Left to Say
